t_seconds,new_order_tpm
10.0,25187.6
20.0,29010.2
30.0,26369.8
40.0,29676.1
50.0,31773.4
60.0,27794.3
70.0,28008.0
80.0,28542.0
90.0,28433.9
100.0,28062.1
110.0,30791.9
120.0,29427.2
130.0,22340.1
140.0,29958.1
150.0,30924.0
160.0,28643.8
170.0,28374.2
180.0,30917.9
190.0,28416.1
200.0,28134.0
210.0,31799.9
220.0,33233.8
230.0,28326.1
240.0,32135.8
250.0,29616.4
260.0,21923.9
270.0,31020.0
280.0,32208.1
290.0,29753.9
300.0,32832.1
310.0,26034.0
320.0,30294.0
330.0,33089.8
340.0,29466.0
350.0,31722.2
360.0,32088.0
370.0,27244.0
380.0,27950.1
390.0,29279.9
400.0,29118.1
410.0,32111.9
420.0,28344.0
430.0,22793.9
440.0,28866.2
450.0,26553.3
460.0,30567.1
470.0,28901.8
480.0,29154.2
490.0,27575.7
500.0,27906.2
510.0,31007.9
520.0,32070.2
530.0,28470.0
540.0,31703.9
550.0,27197.6
560.0,19854.2
570.0,13943.6
580.0,18395.1
590.0,16315.4
600.0,23124.0
610.0,20807.8
620.0,14117.7
630.0,10967.9
640.0,18378.8
650.0,30065.9
660.0,30270.0
670.0,27185.9
680.0,27336.1
690.0,29136.0
700.0,31259.9
710.0,29285.9
720.0,31866.0
730.0,29940.3
740.0,29760.0
750.0,31187.7
760.0,29958.2
770.0,29250.0
780.0,32015.7
790.0,26058.3
800.0,28127.9
810.0,32214.1
820.0,28830.0
830.0,30293.9
840.0,32687.9
850.0,28230.0
860.0,31824.0
870.0,33228.2
880.0,32921.9
890.0,30690.0
900.0,31776.1
910.0,30120.0
920.0,22966.9
930.0,31399.4
940.0,31188.1
950.0,29789.9
960.0,32328.2
970.0,28511.8
980.0,29022.0
990.0,31605.6
1000.0,32060.4
1010.0,29874.0
1020.0,31278.1
1030.0,29736.0
1040.0,25625.9
1050.0,30905.9
1060.0,32610.2
1070.0,29237.9
1080.0,28728.1
1090.0,27485.9
1100.0,25854.0
1110.0,30504.0
1120.0,31302.1
1130.0,28049.9
1140.0,30006.1
1150.0,29759.9
1160.0,23825.9
1170.0,30156.1
1180.0,31080.0
1190.0,27257.9
1200.0,30048.3
1210.0,28877.9
1220.0,27900.0
1230.0,29712.0
1240.0,30790.5
1250.0,26821.2
1260.0,27564.2
1270.0,22656.0
1280.0,25878.0
1290.0,29220.0
1300.0,26892.0
1310.0,28289.3
1320.0,28590.8
1330.0,21323.9
1340.0,30282.1
1350.0,29417.9
1360.0,27468.0
1370.0,29627.9
1380.0,27222.1
1390.0,25758.1
1400.0,16865.9
1410.0,23442.1
1420.0,29292.0
1430.0,30354.0
1440.0,27293.9
1450.0,28535.9
1460.0,30431.3
1470.0,26352.7
1480.0,30659.8
1490.0,30684.0
1500.0,27924.0
1510.0,28709.9
1520.0,28265.5
1530.0,19404.5
1540.0,18198.0
1550.0,10446.0
1560.0,15209.6
1570.0,21005.9
1580.0,18413.0
1590.0,17239.5
1600.0,14112.0
1610.0,12570.0
1620.0,23507.8
1630.0,23838.2
1640.0,11412.0
1650.0,12209.8
1660.0,10649.5
1670.0,14539.0
1680.0,20050.5
1690.0,24505.9
1700.0,26393.9
1710.0,30060.0
1720.0,27545.8
1730.0,29622.2
1740.0,28745.9
1750.0,27234.0
1760.0,25553.9
1770.0,27546.1
1780.0,30210.0
1790.0,28626.1
1800.0,28014.0
1810.0,28344.0
1820.0,28247.9
1830.0,30966.1
1840.0,30936.0
1850.0,29172.0
1860.0,31482.0
1870.0,25595.9
1880.0,26874.0
1890.0,31374.1
1900.0,27443.9
1910.0,31295.9
1920.0,30444.2
1930.0,25661.8
1940.0,32556.1
1950.0,30755.9
1960.0,29441.9
1970.0,32100.1
1980.0,32475.3
1990.0,26570.2
2000.0,30312.2
2010.0,32531.9
2020.0,28140.0
2030.0,31956.0
2040.0,32939.9
2050.0,27054.2
2060.0,20550.0
2070.0,33027.8
2080.0,28429.8
2090.0,32166.1
2100.0,31691.9
2110.0,21545.2
2120.0,27901.0
2130.0,29676.1
2140.0,28398.0
2150.0,32543.9
2160.0,32754.1
2170.0,26538.0
2180.0,27724.7
2190.0,29899.4
2200.0,30305.9
2210.0,32340.0
2220.0,32430.1
2230.0,28043.8
2240.0,31530.1
2250.0,31704.0
2260.0,27030.0
2270.0,31440.0
2280.0,32465.9
2290.0,27473.0
2300.0,31765.0
2310.0,32742.3
2320.0,29843.8
2330.0,31428.1
2340.0,32076.0
2350.0,16811.5
2360.0,22182.6
2370.0,31656.0
2380.0,26596.5
2390.0,30133.8
2400.0,31428.0
2410.0,22985.8
2420.0,30009.6
2430.0,29810.4
2440.0,26754.0
2450.0,30348.1
2460.0,25704.0
2470.0,22818.0
2480.0,28145.9
2490.0,25068.0
2500.0,29124.0
2510.0,28721.8
2520.0,24636.2
2530.0,29567.9
2540.0,26487.5
2550.0,27824.5
2560.0,29730.2
2570.0,25896.1
2580.0,31301.9
2590.0,26879.9
2600.0,28068.1
2610.0,31319.8
2620.0,27852.2
2630.0,30323.8
2640.0,31774.8
2650.0,18407.2
2660.0,8670.0
2670.0,29564.7
2680.0,26439.6
2690.0,30698.7
2700.0,32196.0
2710.0,25500.1
2720.0,31986.0
2730.0,33701.9
2740.0,29442.0
2750.0,33581.8
2760.0,34998.3
2770.0,26219.5
2780.0,15150.2
2790.0,17790.0
2800.0,17718.0
2810.0,13686.0
2820.0,13218.0
2830.0,18065.4
2840.0,14742.5
2850.0,15498.0
2860.0,16625.9
2870.0,16925.9
2880.0,16008.1
2890.0,23230.7
2900.0,21439.3
2910.0,25134.0
2920.0,19385.7
2930.0,15371.3
2940.0,13883.7
2950.0,12811.1
2960.0,17525.9
2970.0,10176.1
2980.0,14106.0
2990.0,15486.0
3000.0,11063.9
3010.0,22470.2
3020.0,28290.0
3030.0,24965.8
3040.0,27822.2
3050.0,25995.7
3060.0,27530.3
3070.0,19271.1
3080.0,20785.0
3090.0,29358.0
3100.0,26988.0
3110.0,29669.9
3120.0,29111.6
3130.0,23760.0
3140.0,30786.4
3150.0,28704.1
3160.0,30420.1
3170.0,29747.8
3180.0,29124.1
3190.0,28854.0
3200.0,19115.9
3210.0,28338.0
3220.0,28392.0
3230.0,28956.0
3240.0,30810.0
3250.0,25835.9
3260.0,29766.2
3270.0,30755.9
3280.0,26711.9
3290.0,30174.2
3300.0,28374.0
3310.0,27432.0
3320.0,30174.1
3330.0,29742.0
3340.0,30240.0
3350.0,33186.0
3360.0,31223.3
3370.0,26808.3
3380.0,29573.4
3390.0,30930.7
3400.0,28392.3
3410.0,31931.1
3420.0,31722.9
3430.0,26664.0
3440.0,24491.7
3450.0,12432.1
3460.0,26844.1
3470.0,30306.1
3480.0,26951.9
3490.0,27732.0
3500.0,32094.0
3510.0,28955.9
3520.0,30720.3
3530.0,32574.0
3540.0,28313.9
3550.0,28709.9
3560.0,25421.9
3570.0,30240.2
3580.0,32375.9
3590.0,31296.0
